pH,Temperature,FeedingTimes,Fishlength,PlantGrowth,Ammonia(g/ml),Nitrate(g/ml),LightIntensity,Weight
7.794329394,22.3053946,2,3,0,0.45842,193,403,0.015
7.533338167,21.18842801,4,3.005005005,0,0.45842,194,692,0.03
7.442704727,24.13935641,4,3.01001001,1.5,0.45842,192,171,0.045
6.180416718,21.76019833,3,3.015015015,3,0.45842,193,463,0.06
7.666025083,23.10114924,4,3.02002002,4.5,0.45842,192,778,0.075
7.935919167,22.00194217,2,3.025025025,6,0.45842,193,990,0.09
6.494520921,25.368565,4,3.03003003,7.5,0.45842,194,405,0.105
6.92421096,26.07685388,4,3.035035035,9,0.45842,193,708,0.12
6.304830689,29.81167169,3,3.04004004,10.5,0.45842,192,327,0.135
6.026246366,25.22091871,2,3.045045045,12,0.45842,192,516,0.15
6.649022799,24.17633284,4,3.05005005,13.5,0.45842,191,318,0.165
7.893970516,21.32422269,4,3.055055055,15,0.45842,187,873,0.18
7.33081208,27.31987629,2,3.06006006,16.5,0.45842,191,736,0.195
7.567880175,25.86589202,3,3.065065065,18,0.45842,190,359,0.21
7.203740321,20.60775683,3,3.07007007,19.5,0.45842,188,730,0.225
7.858628459,20.55499902,2,3.075075075,21,0.45842,191,505,0.24
7.734366054,28.87968907,3,3.08008008,22.5,0.45842,191,127,0.255
7.171051914,22.79720594,4,3.085085085,24,0.45842,191,451,0.27
6.447558074,29.15482157,4,3.09009009,25.5,0.45842,191,186,0.285
6.025874172,23.08425532,3,3.095095095,27,0.45842,192,246,0.3
7.065776138,26.10487022,2,3.1001001,28.5,0.45842,192,643,0.315
6.330513529,27.74503105,4,3.105105105,30,0.45842,204,266,0.33
6.381733258,25.8670595,2,3.11011011,31.5,0.45842,192,518,0.345
6.48878717,25.91065077,4,3.115115115,33,0.45842,191,321,0.36
7.285767437,27.18725853,3,3.12012012,34.5,0.45842,191,182,0.375
6.341756517,20.56675807,4,3.125125125,36,0.45842,189,659,0.39
7.132111576,23.76224577,4,3.13013013,37.5,0.45842,189,228,0.405
7.321583332,29.34600219,4,3.135135135,39,0.45842,189,284,0.42
6.586940385,28.29204968,4,3.14014014,40.5,0.45842,190,789,0.435
6.494147451,22.06283149,2,3.145145145,42,0.45842,190,541,0.45
7.514700015,27.97804986,4,3.15015015,43.5,0.45842,187,506,0.465
7.472280309,26.4933851,4,3.155155155,45,0.45842,189,684,0.48
6.273042398,21.42379035,4,3.16016016,46.5,0.45842,190,468,0.495
7.227130751,21.872128,4,3.165165165,48,0.45842,189,785,0.51
7.712027645,28.00376939,3,3.17017017,49.5,0.45842,182,687,0.525
6.600782989,20.58254085,4,3.175175175,51,0.45842,191,605,0.54
7.565734177,25.06758896,4,3.18018018,52.5,0.45842,191,704,0.555
6.823929592,29.92619888,2,3.185185185,54,0.45842,189,585,0.57
6.815169761,27.24336541,2,3.19019019,55.5,0.45842,191,403,0.585
6.28195694,21.91223952,4,3.195195195,57,0.45842,190,367,0.6
7.027739424,25.67051728,3,3.2002002,58.5,0.45842,188,528,0.615
6.499905976,25.83976451,2,3.205205205,60,0.45842,191,155,0.63
7.762506114,28.01837847,2,3.21021021,61.5,0.45842,191,301,0.645
6.83222059,24.84410508,2,3.215215215,63,0.45842,192,371,0.66
6.929613207,25.0111762,3,3.22022022,64.5,0.45842,192,718,0.675
7.969726305,26.43742465,3,3.225225225,66,0.45842,191,433,0.69
7.73964342,22.21227559,4,3.23023023,67.5,0.45842,190,214,0.705
6.110526134,23.20060128,2,3.235235235,69,0.45842,191,978,0.72
6.050938303,29.54638896,4,3.24024024,70.5,0.45842,183,353,0.735
6.921012277,21.15155752,4,3.245245245,72,0.45842,187,965,0.75
7.276900032,23.32607824,4,3.25025025,73.5,0.45842,189,33,0.765
6.971277899,22.09690631,2,3.255255255,75,0.45842,187,997,0.78
6.652691846,27.78791098,2,3.26026026,76.5,0.45842,189,874,0.795
7.125740406,23.37148347,3,3.265265265,78,0.45842,190,855,0.81
7.414748419,28.55737508,2,3.27027027,79.5,0.45842,188,726,0.825
7.324964748,23.65181036,3,3.275275275,81,0.45842,191,112,0.84
6.333046388,26.66206265,2,3.28028028,82.5,0.45842,190,877,0.855
7.570593,25.12874094,4,3.285285285,84,0.45842,189,786,0.87
6.792539935,25.39819962,4,3.29029029,85.5,0.45842,189,442,0.885
7.452046051,21.8701046,2,3.295295295,87,0.45842,190,931,0.9
6.213574891,27.54882329,3,3.3003003,88.5,0.45842,189,952,0.915
7.133793,26.99457344,4,3.305305305,90,0.45842,190,591,0.93
7.151527251,23.15145824,2,3.31031031,91.5,0.45842,186,118,0.945
6.400601099,21.53632513,4,3.315315315,93,0.45842,191,348,0.96
7.183805123,24.80321207,3,3.32032032,94.5,0.45842,192,710,0.975
6.340268386,27.37536901,3,3.325325325,96,0.45842,182,690,0.99
7.624269094,28.11617739,2,3.33033033,97.5,0.45842,189,104,1.005
7.526158117,23.04802161,3,3.335335335,99,0.45842,190,104,1.02
7.60241484,27.81201422,2,3.34034034,100.5,0.45842,189,399,1.035
7.891842324,21.07057323,3,3.345345345,102,0.45842,202,200,1.05
7.535960048,23.91195065,4,3.35035035,103.5,0.45842,187,348,1.065
7.410122573,21.64159395,4,3.355355355,105,0.45842,189,582,1.08
7.877098271,20.9811593,2,3.36036036,106.5,0.45842,186,332,1.095
6.17259948,20.99978417,4,3.365365365,108,0.45842,185,217,1.11
7.704684968,27.59277872,2,3.37037037,109.5,0.45842,183,899,1.125
7.179631293,25.19007694,2,3.375375375,111,0.45842,186,821,1.14
7.434425334,28.12396458,4,3.38038038,112.5,0.45842,187,747,1.155
7.73690802,22.84187347,2,3.385385385,114,0.45842,189,892,1.17
6.440409077,21.22133791,4,3.39039039,115.5,0.45842,187,957,1.185
7.229155339,27.69503748,3,3.395395395,117,0.45842,189,271,1.2
7.876847352,23.68394544,3,3.4004004,118.5,0.45842,189,664,1.215
7.274313985,23.89807055,2,3.405405405,120,0.45842,182,696,1.23
6.628403349,28.93262675,4,3.41041041,121.5,0.45842,191,555,1.245
7.62755623,21.414325,4,3.415415415,123,0.45842,187,159,1.26
7.358571378,25.5911621,2,3.42042042,124.5,0.45842,190,15,1.275
6.238624976,26.7201653,3,3.425425425,126,0.45842,190,99,1.29
6.01782879,20.09594097,2,3.43043043,127.5,0.45842,189,292,1.305
7.934171141,20.48186603,3,3.435435435,129,0.45842,189,619,1.32
6.799541098,26.68560312,2,3.44044044,130.5,0.45842,192,177,1.335
6.649107741,23.51957226,3,3.445445445,132,0.45842,191,668,1.35
6.492220764,23.50319518,4,3.45045045,133.5,0.45842,192,450,1.365
6.304890882,24.97674261,2,3.455455455,135,0.45842,191,520,1.38
6.773846763,23.18215595,2,3.46046046,136.5,0.45842,193,292,1.395
6.674296826,23.89078142,3,3.465465465,138,0.45842,189,105,1.41
6.452910715,20.26862626,4,3.47047047,139.5,0.45842,187,855,1.425
7.566466187,26.94937518,4,3.475475475,141,0.45842,192,974,1.44
6.404593005,25.55419613,3,3.48048048,142.5,0.45842,190,100,1.455
7.909246586,28.565527,4,3.485485485,144,0.45842,190,262,1.47
7.236322494,20.97325497,2,3.49049049,145.5,0.45842,192,455,1.485
6.917054296,27.42117973,3,3.495495495,147,0.45842,189,25,1.5
7.608591632,29.37057631,2,3.500500501,148.5,0.45842,187,118,1.515
7.509591624,26.12015715,2,3.505505506,150,0.45842,192,358,1.53
7.892221986,24.71861721,3,3.510510511,151.5,0.45842,190,68,1.545
6.956679203,27.02486895,4,3.515515516,153,0.45842,189,631,1.56
7.305661245,22.51234108,3,3.520520521,154.5,0.45842,192,946,1.575
6.53119522,24.78810195,3,3.525525526,156,0.45842,190,194,1.59
7.009714948,29.37119834,4,3.530530531,157.5,0.45842,189,413,1.605
6.037811904,28.40638992,3,3.535535536,159,0.45842,188,647,1.62
6.817498518,20.39350553,2,3.540540541,160.5,0.45842,189,364,1.635
6.605686607,25.64060409,4,3.545545546,162,0.45842,187,329,1.65
6.835182398,22.70466198,4,3.550550551,163.5,0.45842,190,21,1.665
7.351602009,27.70193307,4,3.555555556,165,0.45842,190,901,1.68
7.554210157,22.42977046,4,3.560560561,166.5,0.45842,189,772,1.695
7.252050846,25.04850223,4,3.565565566,168,0.45842,190,914,1.71
7.433708293,21.63961243,3,3.570570571,169.5,0.45842,188,955,1.725
6.405623573,21.69474731,2,3.575575576,171,0.45842,186,171,1.74
6.50036888,21.8506309,4,3.580580581,172.5,0.45842,190,701,1.755
6.93326874,29.3961564,4,3.585585586,174,0.45842,186,934,1.77
6.996099657,29.61841896,3,3.590590591,175.5,0.45842,189,174,1.785
6.66189922,22.00884207,3,3.595595596,177,0.45842,188,735,1.8
7.095614922,20.65100704,4,3.600600601,178.5,0.45842,190,616,1.815
6.914198591,28.87288212,3,3.605605606,180,0.45842,188,617,1.83
6.458199778,22.87711153,3,3.610610611,181.5,0.45842,187,183,1.845
7.114561804,26.68630042,2,3.615615616,183,0.45842,187,995,1.86
6.643745381,23.44083603,3,3.620620621,184.5,0.45842,191,577,1.875
7.093174788,23.11620568,4,3.625625626,186,0.45842,190,693,1.89
7.673187041,28.90885042,4,3.630630631,187.5,0.45842,190,733,1.905
6.529869412,20.41819789,4,3.635635636,189,0.45842,189,917,1.92
7.713416325,26.78540406,2,3.640640641,190.5,0.45842,189,971,1.935
6.224708939,23.8237104,2,3.645645646,192,0.45842,192,720,1.95
6.541461406,20.50275013,2,3.650650651,193.5,0.45842,192,190,1.965
6.17809419,21.64198723,2,3.655655656,195,0.45842,193,814,1.98
7.309909336,20.9188618,3,3.660660661,196.5,0.45842,193,852,1.995
7.642819514,20.52540421,3,3.665665666,198,0.45842,193,492,2.01
6.003035075,29.73432644,3,3.670670671,199.5,0.45842,192,763,2.025
6.153125415,23.31807448,4,3.675675676,201,0.45842,195,533,2.04
7.453078315,29.70498116,2,3.680680681,202.5,0.45842,194,556,2.055
6.982551793,25.27847573,2,3.685685686,204,0.45842,194,525,2.07
6.663972587,23.02829565,2,3.690690691,205.5,0.45842,194,908,2.085
6.94679818,23.01374083,2,3.695695696,207,0.45842,195,282,2.1
7.033398412,28.29373393,4,3.700700701,208.5,0.45842,194,124,2.115
6.076332248,28.49742806,4,3.705705706,210,0.45842,196,700,2.13
7.527266408,29.15650902,4,3.710710711,211.5,0.45842,196,894,2.145
6.002889889,21.98725497,3,3.715715716,213,0.45842,195,668,2.16
7.758687197,25.10135548,3,3.720720721,214.5,0.45842,196,206,2.175
6.171490785,21.77916572,2,3.725725726,216,0.45842,196,17,2.19
6.055432998,27.72431272,3,3.730730731,217.5,0.45842,195,590,2.205
7.263140487,28.78876493,3,3.735735736,219,0.45842,195,640,2.22
6.9360984,29.23213994,2,3.740740741,220.5,0.45842,198,322,2.235
6.020286995,22.64220174,3,3.745745746,222,0.45842,195,826,2.25
6.872226823,28.71669462,3,3.750750751,223.5,0.45842,199,613,2.265
6.34139699,21.02676077,3,3.755755756,225,0.45842,197,32,2.28
6.736313199,28.95579094,4,3.760760761,226.5,0.45842,194,420,2.295
7.417067913,27.2997721,3,3.765765766,228,0.45842,197,144,2.31
7.957045251,23.72439472,2,3.770770771,229.5,0.45842,197,472,2.325
6.65707399,29.8817318,2,3.775775776,231,0.45842,197,846,2.34
7.069788459,26.52801415,2,3.780780781,232.5,0.45842,194,619,2.355
7.321478435,20.19279123,4,3.785785786,234,0.45842,197,767,2.37
6.829462207,23.50708355,3,3.790790791,235.5,0.45842,198,856,2.385
7.401663595,28.59904707,4,3.795795796,237,0.45842,195,542,2.4
7.76959014,24.34306026,4,3.800800801,238.5,0.45842,192,406,2.415
7.53352425,22.17503926,4,3.805805806,240,0.45842,197,738,2.43
7.236497277,23.03128217,3,3.810810811,241.5,0.45842,195,43,2.445
7.585068509,24.72065293,3,3.815815816,243,0.45842,196,485,2.46
7.234584692,29.4531553,4,3.820820821,244.5,0.45842,196,116,2.475
7.299369492,24.46142374,3,3.825825826,246,0.45842,194,931,2.49
7.372511345,27.01006328,2,3.830830831,247.5,0.45842,193,162,2.505
6.589527856,21.3615088,3,3.835835836,249,0.45842,195,456,2.52
6.671377382,26.37072184,3,3.840840841,250.5,0.45842,191,313,2.535
7.287547086,20.95158817,3,3.845845846,252,0.45842,193,850,2.55
7.312732623,25.83207915,3,3.850850851,253.5,0.45842,192,260,2.565
7.40458893,26.86005439,4,3.855855856,255,0.45842,196,880,2.58
6.202879826,29.01023725,2,3.860860861,256.5,0.45842,196,290,2.595
6.655450653,27.01334613,4,3.865865866,258,0.45842,192,716,2.61
6.709277577,25.79488984,2,3.870870871,259.5,0.45842,187,801,2.625
6.783759259,24.209439,2,3.875875876,261,0.45842,193,311,2.64
7.751908454,29.46331811,3,3.880880881,262.5,0.45842,194,337,2.655
7.205612005,21.5336049,3,3.885885886,264,0.45842,192,75,2.67
6.016160185,21.41598035,4,3.890890891,265.5,0.45842,192,222,2.685
7.899832615,25.01980211,4,3.895895896,267,0.45842,191,766,2.7
6.944876808,22.77889646,4,3.900900901,268.5,0.45842,194,193,2.715
7.051475569,21.14904994,4,3.905905906,270,0.45842,196,342,2.73
7.604169695,22.34908955,2,3.910910911,271.5,0.45842,195,873,2.745
6.417430139,20.58510458,3,3.915915916,273,0.45842,196,551,2.76
7.588700259,23.82055853,3,3.920920921,274.5,0.45842,193,510,2.775
6.259763022,20.10574924,2,3.925925926,276,0.45842,193,649,2.79
6.668963847,29.35005079,2,3.930930931,277.5,0.45842,186,798,2.805
7.793176123,20.0989972,2,3.935935936,279,0.45842,195,518,2.82
7.740157852,26.21360169,2,3.940940941,280.5,0.45842,195,834,2.835
6.458826335,23.39628853,4,3.945945946,282,0.45842,195,963,2.85
7.191092082,24.81002493,3,3.950950951,283.5,0.45842,189,433,2.865
7.987907987,26.34983607,4,3.955955956,285,0.45842,194,666,2.88
6.358371951,21.42189066,4,3.960960961,286.5,0.45842,193,833,2.895
6.01077159,26.46021497,4,3.965965966,288,0.45842,194,857,2.91
6.67762255,25.20824027,3,3.970970971,289.5,0.45842,178,258,2.925
6.98120909,29.46874301,3,3.975975976,291,0.45842,192,616,2.94
6.47606319,27.91910425,2,3.980980981,292.5,0.45842,187,904,2.955
6.08509806,21.98020171,4,3.985985986,294,0.45842,193,179,2.97
6.223136612,21.44162735,2,3.990990991,295.5,0.45842,195,495,2.985
7.866304306,29.45214948,3,3.995995996,297,0.45842,195,234,3
6.712344741,25.04633172,3,4.001001001,298.5,0.45842,195,2,3.015
7.703460884,20.83870648,3,4.006006006,300,0.45842,195,549,3.03
6.097284211,29.00400256,3,4.011011011,301.5,0.45842,194,660,3.045
6.0558227,27.52552224,4,4.016016016,303,0.45842,192,554,3.06
7.376607826,24.5645135,2,4.021021021,304.5,0.45842,194,679,3.075
6.013505403,22.5508352,4,4.026026026,306,0.45842,194,338,3.09
7.629200184,28.07384643,4,4.031031031,307.5,0.45842,192,567,3.105
7.565423878,22.45694758,4,4.036036036,309,0.45842,193,615,3.12
7.103517618,27.98409195,4,4.041041041,310.5,0.45842,192,668,3.135
7.761594717,25.74679862,4,4.046046046,312,0.45842,193,4,3.15
6.931776706,21.11441153,3,4.051051051,313.5,0.45842,196,881,3.165
7.968603393,21.34516785,4,4.056056056,315,0.45842,197,404,3.18
7.87423668,22.95206918,3,4.061061061,316.5,0.45842,198,617,3.195
6.732332199,26.13881728,2,4.066066066,318,0.45842,196,470,3.21
6.310572362,20.28356763,4,4.071071071,319.5,0.45842,197,160,3.225
6.243183097,26.03947802,2,4.076076076,321,0.45842,197,677,3.24
6.907621161,28.93048291,3,4.081081081,322.5,0.45842,195,136,3.255
7.843723036,22.40978598,2,4.086086086,324,0.45842,198,58,3.27
7.367619661,24.09712157,2,4.091091091,325.5,0.45842,198,584,3.285
6.325834955,23.81097117,3,4.096096096,327,0.45842,198,159,3.3
7.901016702,27.03315193,4,4.101101101,328.5,0.45842,199,892,3.315
6.796374404,23.22588667,4,4.106106106,330,0.45842,201,661,3.33
6.864236635,25.82697655,3,4.111111111,331.5,0.45842,196,871,3.345
7.277419033,23.32204689,2,4.116116116,333,0.45842,194,491,3.36
6.584733376,29.35060222,2,4.121121121,334.5,0.45842,202,995,3.375
6.430448838,24.13297827,2,4.126126126,336,0.45842,198,163,3.39
6.640082548,27.24646747,4,4.131131131,337.5,0.45842,202,365,3.405
6.685867775,22.09137083,2,4.136136136,339,0.45842,199,717,3.42
7.27069664,23.14154339,3,4.141141141,340.5,0.45842,204,539,3.435
6.879321535,25.48293733,3,4.146146146,342,0.45842,202,983,3.45
7.705396895,28.62198367,4,4.151151151,343.5,0.45842,203,713,3.465
7.92232027,23.82171457,2,4.156156156,345,0.45842,203,974,3.48
6.335545108,28.33640531,3,4.161161161,346.5,0.45842,199,207,3.495
6.053701464,22.33425067,3,4.166166166,348,0.45842,186,786,3.51
7.882011,25.42781717,3,4.171171171,349.5,0.45842,202,954,3.525
6.683856321,24.51963522,2,4.176176176,351,0.45842,201,266,3.54
6.53091274,28.19318672,2,4.181181181,352.5,0.45842,201,481,3.555
6.53498446,28.04433866,2,4.186186186,354,0.45842,200,899,3.57
7.616153579,23.51486199,2,4.191191191,355.5,0.45842,202,395,3.585
7.573839976,29.63853859,3,4.196196196,357,0.45842,201,221,3.6
6.269953136,23.75481661,4,4.201201201,358.5,0.45842,198,946,3.615
7.739172682,24.2184623,3,4.206206206,360,0.45842,199,994,3.63
6.771521628,28.29287576,2,4.211211211,361.5,0.45842,201,827,3.645
6.300530327,21.96026007,3,4.216216216,363,0.45842,201,318,3.66
7.668651726,22.86680651,4,4.221221221,364.5,0.45842,198,394,3.675
6.20277693,29.51077978,4,4.226226226,366,0.45842,199,995,3.69
6.636115574,20.16820912,3,4.231231231,367.5,0.45842,198,339,3.705
7.515804659,22.52979863,2,4.236236236,369,0.45842,196,143,3.72
6.297383968,26.32869445,3,4.241241241,370.5,0.45842,196,770,3.735
6.348584688,26.56577554,4,4.246246246,372,0.45842,198,987,3.75
6.849480473,20.85242941,2,4.251251251,373.5,0.45842,198,964,3.765
7.386038651,20.60496849,2,4.256256256,375,0.45842,199,238,3.78
6.867777011,29.20873691,2,4.261261261,376.5,0.45842,201,517,3.795
7.263084771,22.51108841,4,4.266266266,378,0.45842,199,213,3.81
6.906600212,22.52958208,3,4.271271271,379.5,0.45842,199,562,3.825
6.113057981,29.01123169,3,4.276276276,381,0.45842,201,181,3.84
7.59019152,21.80587301,3,4.281281281,382.5,0.45842,203,501,3.855
7.621280141,24.28800532,2,4.286286286,384,0.45842,199,586,3.87
7.782536653,23.23362332,4,4.291291291,385.5,0.45842,202,701,3.885
7.043970294,28.04796273,3,4.296296296,387,0.45842,201,354,3.9
6.044482624,27.99071183,4,4.301301301,388.5,0.45842,201,134,3.915
7.147346026,20.6247446,4,4.306306306,390,0.45842,204,418,3.93
6.08581084,29.44125622,3,4.311311311,391.5,0.45842,202,679,3.945
6.578888247,28.74863197,4,4.316316316,393,0.45842,200,317,3.96
6.158835572,28.20984145,3,4.321321321,394.5,0.45842,199,540,3.975
6.495070867,27.80552104,2,4.326326326,396,0.45842,196,698,3.99
7.250084089,27.58797225,2,4.331331331,397.5,0.45842,201,147,4.005
7.800763589,23.16199738,3,4.336336336,399,0.45842,202,307,4.02
7.329682673,29.43087005,4,4.341341341,400.5,0.45842,201,120,4.035
7.446687407,29.74700896,3,4.346346346,402,0.45842,199,651,4.05
6.606386246,28.02934887,3,4.351351351,403.5,0.45842,201,931,4.065
6.406929095,27.46390705,3,4.356356356,405,0.45842,198,578,4.08
7.419403448,25.418637,3,4.361361361,406.5,0.45842,192,865,4.095
6.755773292,25.48210244,3,4.366366366,408,0.45842,193,127,4.11
6.824725814,25.99601852,3,4.371371371,409.5,0.45842,197,688,4.125
6.522498567,20.56902592,3,4.376376376,411,0.45842,198,894,4.14
7.231088579,22.3540643,4,4.381381381,412.5,0.45842,193,274,4.155
7.349934801,28.39715846,3,4.386386386,414,0.45842,195,821,4.17
7.847087744,23.69157097,4,4.391391391,415.5,0.45842,195,768,4.185
7.324569853,27.23536516,4,4.396396396,417,0.45842,194,829,4.2
7.71498596,26.03619853,3,4.401401401,418.5,0.45842,195,974,4.215
6.199827238,21.93932139,2,4.406406406,420,0.45842,195,310,4.23
7.97000994,21.21586318,4,4.411411411,421.5,0.45842,195,631,4.245
7.212298792,29.0099376,2,4.416416416,423,0.45842,196,477,4.26
6.360718151,27.19319267,2,4.421421421,424.5,0.45842,197,174,4.275
6.464302024,22.90413941,4,4.426426426,426,0.45842,194,107,4.29
6.090579685,29.36355016,2,4.431431431,427.5,0.45842,192,326,4.305
6.690358958,24.17662984,4,4.436436436,429,0.45842,193,952,4.32
6.102788568,27.23732834,3,4.441441441,430.5,0.45842,192,26,4.335
7.906239738,21.195567,2,4.446446446,432,0.45842,193,175,4.35
6.29717725,22.20822807,2,4.451451451,433.5,0.45842,193,439,4.365
7.126599181,21.56969479,3,4.456456456,435,0.45842,192,769,4.38
6.034452265,27.17597493,3,4.461461461,436.5,0.45842,192,961,4.395
7.094425225,28.72752475,4,4.466466466,438,0.45842,192,472,4.41
6.838543125,22.76462539,2,4.471471471,439.5,0.45842,193,90,4.425
7.429306094,28.18709061,2,4.476476476,441,0.45842,194,885,4.44
6.361568185,24.71873578,3,4.481481481,442.5,0.45842,193,385,4.455
6.07642777,21.16724733,2,4.486486486,444,0.45842,193,772,4.47
7.339881071,28.12380175,3,4.491491491,445.5,0.45842,192,990,4.485
7.603928256,25.48341302,4,4.496496496,447,0.45842,192,616,4.5
7.807505853,24.6399743,2,4.501501502,448.5,0.45842,193,552,4.515
7.240305235,22.20262984,4,4.506506507,450,0.45842,194,22,4.53
7.390507322,22.56812069,4,4.511511512,451.5,0.45842,188,665,4.545
6.842766949,21.05394493,4,4.516516517,453,0.45842,193,254,4.56
6.575092751,21.26994879,2,4.521521522,454.5,0.45842,193,901,4.575
6.834079905,25.19255196,3,4.526526527,456,0.45842,193,203,4.59
6.188924724,20.90493967,3,4.531531532,457.5,0.45842,194,784,4.605
6.044666664,25.21539897,4,4.536536537,459,0.45842,195,81,4.62
7.841743852,28.79483603,3,4.541541542,460.5,0.45842,186,720,4.635
6.17037369,26.09169997,3,4.546546547,462,0.45842,195,892,4.65
7.598782038,26.0775067,3,4.551551552,463.5,0.45842,191,921,4.665
7.701430903,21.36424364,4,4.556556557,465,0.45842,192,439,4.68
7.749774764,25.13886846,2,4.561561562,466.5,0.45842,192,684,4.695
7.270156413,27.79865861,2,4.566566567,468,0.45842,193,912,4.71
7.305021715,21.91979365,2,4.571571572,469.5,0.45842,192,162,4.725
7.193423293,25.00604901,3,4.576576577,471,0.45842,193,555,4.74
6.11624669,29.99153019,2,4.581581582,472.5,0.45842,193,431,4.755
6.604358328,20.65202837,4,4.586586587,474,0.45842,192,205,4.77
6.353620353,21.81485773,3,4.591591592,475.5,0.45842,192,17,4.785
7.758498726,26.52055722,3,4.596596597,477,0.45842,192,136,4.8
6.996950839,28.17614635,2,4.601601602,478.5,0.45842,192,650,4.815
6.018022071,23.898238,4,4.606606607,480,0.45842,192,937,4.83
6.755290231,29.48428716,2,4.611611612,481.5,0.45842,192,16,4.845
7.100247872,27.26973594,3,4.616616617,483,0.45842,190,528,4.86
7.282548164,27.52124706,2,4.621621622,484.5,0.45842,192,319,4.875
7.829507053,28.97671729,2,4.626626627,486,0.45842,192,909,4.89
7.80220895,21.5308416,4,4.631631632,487.5,0.45842,193,938,4.905
6.50847696,26.79384851,2,4.636636637,489,0.45842,193,572,4.92
6.653233564,28.87090275,4,4.641641642,490.5,0.45842,192,379,4.935
6.066319431,29.57334175,4,4.646646647,492,0.45842,194,13,4.95
6.996383823,29.85924874,2,4.651651652,493.5,0.45842,194,262,4.965
6.357544432,26.93653866,3,4.656656657,495,0.45842,193,538,4.98
6.634616119,22.57133909,2,4.661661662,496.5,0.45842,193,790,4.995
6.169785006,24.14565545,3,4.666666667,498,0.45842,193,295,5.01
7.227319666,27.86033675,2,4.671671672,499.5,0.45842,192,119,5.025
6.20467662,24.86334327,3,4.676676677,501,0.45842,192,496,5.04
6.297599941,23.74294931,3,4.681681682,502.5,0.45842,192,871,5.055
6.780928845,25.91777107,4,4.686686687,504,0.45842,190,335,5.07
6.719099373,27.804927,4,4.691691692,505.5,0.45842,186,569,5.085
6.382984082,25.69355962,3,4.696696697,507,0.45842,192,516,5.1
6.890214693,25.48128645,2,4.701701702,508.5,0.45842,191,204,5.115
6.881446864,25.77470756,3,4.706706707,510,0.45842,192,584,5.13
7.91431086,23.15562045,3,4.711711712,511.5,0.45842,191,797,5.145
6.356936913,22.02319988,2,4.716716717,513,0.45842,191,975,5.16
6.751561862,29.72809886,2,4.721721722,514.5,0.45842,191,109,5.175
7.520607195,27.04493625,4,4.726726727,516,0.45842,197,744,5.19
7.138813454,22.7523466,2,4.731731732,517.5,0.45842,194,42,5.205
7.195853705,21.17760632,3,4.736736737,519,0.45842,192,364,5.22
7.741337697,27.6466761,2,4.741741742,520.5,0.45842,193,323,5.235
6.822772387,22.90772418,3,4.746746747,522,0.45842,192,525,5.25
7.316963665,29.28438607,2,4.751751752,523.5,0.45842,193,804,5.265
6.354780534,28.20230246,2,4.756756757,525,0.45842,186,823,5.28
6.860539333,20.48270896,3,4.761761762,526.5,0.45842,188,256,5.295
7.691539189,22.54240359,3,4.766766767,528,0.45842,192,120,5.31
6.087276354,24.2168425,2,4.771771772,529.5,0.45842,192,83,5.325
7.775912742,27.52657059,2,4.776776777,531,0.45842,192,453,5.34
6.745284838,25.18423896,3,4.781781782,532.5,0.45842,192,539,5.355
6.629667265,20.60661095,3,4.786786787,534,0.45842,193,742,5.37
7.949281604,23.50515463,2,4.791791792,535.5,0.45842,182,754,5.385
6.505437307,20.57346712,2,4.796796797,537,0.45842,192,242,5.4
6.484145532,20.41727005,2,4.801801802,538.5,0.45842,193,909,5.415
6.981517719,29.44813275,2,4.806806807,540,0.45842,193,672,5.43
7.990428634,28.13343424,4,4.811811812,541.5,0.45842,193,111,5.445
6.329120658,24.49044941,4,4.816816817,543,0.45842,191,48,5.46
7.516093891,25.77843832,4,4.821821822,544.5,0.45842,192,457,5.475
6.578786946,27.18810595,3,4.826826827,546,0.45842,192,688,5.49
7.658121553,28.11557586,4,4.831831832,547.5,0.45842,192,382,5.505
7.447279177,22.42278334,3,4.836836837,549,0.45842,192,278,5.52
7.348001409,24.54254085,4,4.841841842,550.5,0.45842,194,324,5.535
6.36802287,26.39431853,3,4.846846847,552,0.45842,192,61,5.55
6.38948411,26.85719941,2,4.851851852,553.5,0.45842,192,644,5.565
7.558166601,23.53295679,2,4.856856857,555,0.45842,192,554,5.58
6.980550425,21.34894664,4,4.861861862,556.5,0.45842,194,920,5.595
7.854575058,27.56620183,2,4.866866867,558,0.45842,192,828,5.61
7.539936497,26.22247333,3,4.871871872,559.5,0.45842,192,998,5.625
7.850640251,23.49791117,3,4.876876877,561,0.45842,191,807,5.64
7.663954502,22.48409093,2,4.881881882,562.5,0.45842,192,479,5.655
6.255077776,26.33020335,4,4.886886887,564,0.45842,192,603,5.67
7.234040474,21.22125956,3,4.891891892,565.5,0.45842,191,259,5.685
7.87868943,27.66777333,3,4.896896897,567,0.45842,192,195,5.7
7.502867601,21.65840762,3,4.901901902,568.5,0.45842,191,627,5.715
7.653584806,28.21025625,3,4.906906907,570,0.45842,192,898,5.73
6.861765926,27.50659679,4,4.911911912,571.5,0.45842,192,480,5.745
6.33808387,26.7045483,3,4.916916917,573,0.45842,189,197,5.76
6.062741165,27.4778843,4,4.921921922,574.5,0.45842,192,38,5.775
7.909123265,22.04289434,2,4.926926927,576,0.45842,191,310,5.79
6.357761221,24.9135384,2,4.931931932,577.5,0.45842,191,256,5.805
6.315563562,23.02152662,3,4.936936937,579,0.45842,192,914,5.82
6.601835418,20.82542008,4,4.941941942,580.5,0.45842,192,273,5.835
6.675785361,29.25299673,4,4.946946947,582,0.45842,193,839,5.85
7.442237433,28.36808729,3,4.951951952,583.5,0.45842,192,719,5.865
7.103958848,23.73244086,4,4.956956957,585,0.45842,192,160,5.88
7.460964413,27.45167073,4,4.961961962,586.5,0.45842,194,347,5.895
7.697194274,22.07259208,4,4.966966967,588,0.45842,193,79,5.91
7.45423426,22.852391,4,4.971971972,589.5,0.45842,193,148,5.925
7.382346168,27.75519055,3,4.976976977,591,0.45842,194,436,5.94
6.251055045,23.07713419,3,4.981981982,592.5,0.45842,192,141,5.955
6.636792843,25.19729934,4,4.986986987,594,0.45842,192,447,5.97
6.530302664,20.97014209,2,4.991991992,595.5,0.45842,186,766,5.985
6.097378286,28.61583703,2,4.996996997,597,0.45842,192,520,6
7.185791205,28.56855182,4,5.002002002,598.5,0.45842,192,641,6.015
6.569960463,28.05016386,4,5.007007007,600,0.45842,189,524,6.03
7.985830913,21.3019668,3,5.012012012,601.5,0.45842,192,430,6.045
6.447520449,25.48016163,3,5.017017017,603,0.45842,193,365,6.06
7.238451142,20.2972617,4,5.022022022,604.5,0.45842,192,433,6.075
6.966724341,22.53041263,4,5.027027027,606,0.45842,190,25,6.09
6.391704736,25.70952638,3,5.032032032,607.5,0.45842,191,358,6.105
7.392307221,26.34251587,4,5.037037037,609,0.45842,191,716,6.12
7.633078182,27.46806645,3,5.042042042,610.5,0.45842,190,692,6.135
7.89178425,28.83952179,3,5.047047047,612,0.45842,183,363,6.15
7.359145693,25.80472932,3,5.052052052,613.5,0.45842,190,18,6.165
6.164618965,25.34789036,4,5.057057057,615,0.45842,190,424,6.18
7.998718999,28.17434493,3,5.062062062,616.5,0.45842,194,223,6.195
7.369251346,29.91017297,2,5.067067067,618,0.45842,193,425,6.21
6.431295758,29.52695579,3,5.072072072,619.5,0.45842,187,267,6.225
6.085445933,26.12553998,4,5.077077077,621,0.45842,192,241,6.24
7.523151487,25.40681909,3,5.082082082,622.5,0.45842,192,394,6.255
6.044467609,24.00742031,4,5.087087087,624,0.45842,194,688,6.27
7.46028557,24.28808191,2,5.092092092,625.5,0.45842,192,830,6.285
6.183243765,29.08490925,2,5.097097097,627,0.45842,192,965,6.3
6.197740196,23.97326492,3,5.102102102,628.5,0.45842,192,864,6.315
6.199571431,27.74763806,3,5.107107107,630,0.45842,191,688,6.33
6.462688504,21.19684049,2,5.112112112,631.5,0.45842,192,949,6.345
6.212243562,25.66419652,2,5.117117117,633,0.45842,192,646,6.36
6.259968237,22.44559151,3,5.122122122,634.5,0.45842,191,739,6.375
6.02245241,21.32858001,2,5.127127127,636,0.45842,192,365,6.39
7.910286301,25.21564775,2,5.132132132,637.5,0.45842,190,502,6.405
6.763321516,20.01956975,2,5.137137137,639,0.45842,191,1,6.42
6.754538317,26.20206211,4,5.142142142,640.5,0.45842,191,474,6.435
6.473399543,23.20579479,2,5.147147147,642,0.45842,192,255,6.45
7.741597103,24.77035888,3,5.152152152,643.5,0.45842,192,246,6.465
7.717331394,28.38238473,4,5.157157157,645,0.45842,192,585,6.48
6.448566744,28.97505348,3,5.162162162,646.5,0.45842,190,508,6.495
7.934620329,23.24553554,2,5.167167167,648,0.45842,191,612,6.51
6.786618566,21.46495233,2,5.172172172,649.5,0.45842,192,500,6.525
6.572365801,25.00170696,2,5.177177177,651,0.45842,191,212,6.54
7.892338583,20.84315869,2,5.182182182,652.5,0.45842,192,85,6.555
6.823354458,28.35786225,4,5.187187187,654,0.45842,194,441,6.57
6.321268517,25.13896667,4,5.192192192,655.5,0.45842,192,187,6.585
6.725515905,21.24759027,4,5.197197197,657,0.45842,193,781,6.6
7.180068336,22.301236,3,5.202202202,658.5,0.45842,192,595,6.615
6.770731503,29.69135892,4,5.207207207,660,0.45842,192,159,6.63
6.970823019,25.40958192,3,5.212212212,661.5,0.45842,192,694,6.645
7.549864872,20.8542258,2,5.217217217,663,0.45842,193,518,6.66
7.614278515,21.32810936,2,5.222222222,664.5,0.45842,192,802,6.675
6.394071067,29.04842738,2,5.227227227,666,0.45842,194,487,6.69
6.14106874,26.7477045,3,5.232232232,667.5,0.45842,193,198,6.705
6.826645597,27.24408835,2,5.237237237,669,0.45842,193,304,6.72
7.57544911,24.94594262,3,5.242242242,670.5,0.45842,208,346,6.735
7.155205243,26.5699359,2,5.247247247,672,0.45842,191,660,6.75
6.223268259,25.37705034,4,5.252252252,673.5,0.45842,193,733,6.765
7.018582877,23.99354204,3,5.257257257,675,0.45842,193,562,6.78
6.555568403,25.34381236,3,5.262262262,676.5,0.45842,193,936,6.795
7.534202059,27.82275187,3,5.267267267,678,0.45842,193,515,6.81
6.623760364,27.40398558,4,5.272272272,679.5,0.45842,191,760,6.825
7.705975873,27.23483414,2,5.277277277,681,0.45842,189,467,6.84
7.819479985,20.59742815,2,5.282282282,682.5,0.45842,192,866,6.855
6.264720581,20.48297003,3,5.287287287,684,0.45842,193,907,6.87
7.472095867,24.74862781,4,5.292292292,685.5,0.45842,192,737,6.885
7.137757367,28.66818687,4,5.297297297,687,0.45842,192,126,6.9
6.436200282,28.30545128,4,5.302302302,688.5,0.45842,190,632,6.915
6.045630324,23.15397288,2,5.307307307,690,0.45842,192,525,6.93
7.936200846,25.70773486,4,5.312312312,691.5,0.45842,191,946,6.945
6.383816673,24.30239405,2,5.317317317,693,0.45842,191,481,6.96
6.561463434,25.54190626,2,5.322322322,694.5,0.45842,192,694,6.975
6.301439583,21.03390119,4,5.327327327,696,0.45842,192,981,6.99
7.423300895,28.06641491,4,5.332332332,697.5,0.45842,192,888,7.005
6.58674917,25.4780458,4,5.337337337,699,0.45842,190,793,7.02
7.327338817,27.86592471,4,5.342342342,700.5,0.45842,192,228,7.035
6.001351837,20.32682428,3,5.347347347,702,0.45842,192,77,7.05
7.117340782,26.90826011,2,5.352352352,703.5,0.45842,192,479,7.065
6.971361362,23.39939128,3,5.357357357,705,0.45842,192,246,7.08
7.68828758,23.92457627,2,5.362362362,706.5,0.45842,192,819,7.095
7.657776501,24.99098421,3,5.367367367,708,0.45842,188,909,7.11
7.51254828,25.53800644,3,5.372372372,709.5,0.45842,193,903,7.125
7.067683835,25.23867772,4,5.377377377,711,0.45842,192,828,7.14
6.809904828,28.75994124,4,5.382382382,712.5,0.45842,193,177,7.155
6.194538149,20.17507388,2,5.387387387,714,0.45842,192,17,7.17
7.11609742,25.79395906,2,5.392392392,715.5,0.45842,192,243,7.185
6.187693815,29.13914123,2,5.397397397,717,0.45842,192,107,7.2
6.724458169,25.67295122,4,5.402402402,718.5,0.45842,199,347,7.215
6.196478179,28.94462909,2,5.407407407,720,0.45842,194,491,7.23
7.520139518,28.22593312,3,5.412412412,721.5,0.45842,194,430,7.245
6.444714212,22.6969048,2,5.417417417,723,0.45842,194,813,7.26
7.335841359,20.45157048,4,5.422422422,724.5,0.45842,193,151,7.275
6.933021555,29.30932169,2,5.427427427,726,0.45842,194,883,7.29
6.703643437,24.68293037,3,5.432432432,727.5,0.45842,198,761,7.305
6.472726534,24.77543865,4,5.437437437,729,0.45842,193,430,7.32
7.49431446,22.98573282,3,5.442442442,730.5,0.45842,193,161,7.335
7.562395348,22.68052058,2,5.447447447,732,0.45842,192,597,7.35
6.62609479,21.96611489,2,5.452452452,733.5,0.45842,192,693,7.365
6.970739109,27.55719844,3,5.457457457,735,0.45842,193,4,7.38
7.9107794,27.59229957,4,5.462462462,736.5,0.45842,193,379,7.395
7.118281173,22.02568999,3,5.467467467,738,0.45842,194,243,7.41
7.184435451,24.70965554,2,5.472472472,739.5,0.45842,193,308,7.425
6.045805037,27.18511608,3,5.477477477,741,0.45842,192,66,7.44
7.687474827,29.23292521,4,5.482482482,742.5,0.45842,191,672,7.455
6.445662019,23.8007617,3,5.487487487,744,0.45842,187,835,7.47
7.171398286,20.15390378,3,5.492492492,745.5,0.45842,193,135,7.485
6.455028874,25.4952778,2,5.497497497,747,0.45842,192,325,7.5
7.36434548,28.69372482,2,5.502502503,748.5,0.45842,192,620,7.515
7.967993054,22.81435246,3,5.507507508,750,0.45842,190,472,7.53
7.237194703,22.84667361,4,5.512512513,751.5,0.45842,192,83,7.545
7.380697342,27.83643165,4,5.517517518,753,0.45842,192,757,7.56
7.207465706,24.0835816,2,5.522522523,754.5,0.45842,192,496,7.575
6.303905844,23.19558172,4,5.527527528,756,0.45842,192,251,7.59
6.140353454,27.2852822,3,5.532532533,757.5,0.45842,192,288,7.605
6.97320729,27.95343615,4,5.537537538,759,0.45842,195,365,7.62
6.607952902,24.40979829,2,5.542542543,760.5,0.45842,192,444,7.635
7.0036092,22.73230219,4,5.547547548,762,0.45842,192,68,7.65
6.108688758,23.20657717,3,5.552552553,763.5,0.45842,192,610,7.665
6.755222971,26.70208347,4,5.557557558,765,0.45842,192,949,7.68
7.363718663,20.82315619,2,5.562562563,766.5,0.45842,192,3,7.695
7.750040722,27.71471332,3,5.567567568,768,0.45842,193,148,7.71
6.362001536,26.70503533,2,5.572572573,769.5,0.45842,192,248,7.725
6.823542318,28.89877909,4,5.577577578,771,0.45842,192,539,7.74
7.753936272,28.01860175,4,5.582582583,772.5,0.45842,193,214,7.755
6.453128211,27.96541718,2,5.587587588,774,0.45842,192,954,7.77
6.141186681,22.90679115,2,5.592592593,775.5,0.45842,192,457,7.785
6.91394381,28.93963086,4,5.597597598,777,0.45842,193,270,7.8
7.193568036,28.5717839,3,5.602602603,778.5,0.45842,193,359,7.815
6.181876717,27.47667261,3,5.607607608,780,0.45842,191,201,7.83
7.760944754,26.6555575,4,5.612612613,781.5,0.45842,191,729,7.845
6.711442012,25.51853522,4,5.617617618,783,0.45842,194,956,7.86
7.480947042,23.91174855,2,5.622622623,784.5,0.45842,189,651,7.875
7.702041411,29.71934942,3,5.627627628,786,0.45842,192,297,7.89
6.691730646,27.36963287,3,5.632632633,787.5,0.45842,192,657,7.905
6.208151103,21.76465906,4,5.637637638,789,0.45842,192,869,7.92
7.044381931,28.62638924,3,5.642642643,790.5,0.45842,192,177,7.935
7.941725958,27.84090287,4,5.647647648,792,0.45842,192,288,7.95
6.21043449,20.71991396,2,5.652652653,793.5,0.45842,192,423,7.965
7.433069225,25.33907863,4,5.657657658,795,0.45842,190,253,7.98
7.973727062,21.3488452,3,5.662662663,796.5,0.45842,191,701,7.995
7.044218946,22.58980161,2,5.667667668,798,0.45842,192,754,8.01
6.846436459,21.01547625,2,5.672672673,799.5,0.45842,190,517,8.025
7.664594222,24.95999242,4,5.677677678,801,0.45842,192,251,8.04
6.467000448,28.62039099,4,5.682682683,802.5,0.45842,192,829,8.055
6.024167641,26.36149316,3,5.687687688,804,0.45842,193,716,8.07
6.301416639,25.00188575,4,5.692692693,805.5,0.45842,192,231,8.085
6.834177575,24.57807526,4,5.697697698,807,0.45842,192,670,8.1
6.732494119,24.79276343,4,5.702702703,808.5,0.45842,192,252,8.115
6.420013393,26.32204184,2,5.707707708,810,0.45842,192,777,8.13
7.136480702,29.06078551,3,5.712712713,811.5,0.45842,193,120,8.145
7.757811274,29.74318147,2,5.717717718,813,0.45842,192,331,8.16
6.03132339,29.52695985,4,5.722722723,814.5,0.45842,192,694,8.175
7.610186782,22.2595876,3,5.727727728,816,0.45842,192,889,8.19
7.39346606,21.67093149,3,5.732732733,817.5,0.45842,190,930,8.205
7.681766712,26.81862476,2,5.737737738,819,0.45842,193,350,8.22
7.830127283,20.71688487,3,5.742742743,820.5,0.45842,190,794,8.235
7.077132339,22.51689046,2,5.747747748,822,0.45842,190,659,8.25
6.105439786,28.98192296,3,5.752752753,823.5,0.45842,191,919,8.265
7.685852191,27.10996571,2,5.757757758,825,0.45842,191,198,8.28
7.444116674,21.53033486,2,5.762762763,826.5,0.45842,192,898,8.295
7.76054956,25.99092497,3,5.767767768,828,0.45842,192,669,8.31
7.303234914,29.32898101,4,5.772772773,829.5,0.45842,190,148,8.325
7.148763365,23.55297245,3,5.777777778,831,0.45842,187,581,8.34
6.567740953,22.83463412,2,5.782782783,832.5,0.45842,192,822,8.355
7.023530099,27.24592312,4,5.787787788,834,0.45842,192,293,8.37
7.64547646,24.59571289,3,5.792792793,835.5,0.45842,192,381,8.385
7.018175781,21.33394612,2,5.797797798,837,0.45842,192,140,8.4
7.741237505,21.93421106,3,5.802802803,838.5,0.45842,191,645,8.415
7.754253177,21.34834626,4,5.807807808,840,0.45842,191,528,8.43
7.936990335,21.09424968,2,5.812812813,841.5,0.45842,190,47,8.445
7.918124286,23.88321436,2,5.817817818,843,0.45842,190,556,8.46
6.980757812,23.37509967,4,5.822822823,844.5,0.45842,192,492,8.475
7.409559339,20.20776697,3,5.827827828,846,0.45842,191,155,8.49
7.082812213,21.87739514,2,5.832832833,847.5,0.45842,192,310,8.505
7.644303176,22.27545032,3,5.837837838,849,0.45842,191,624,8.52
6.469921738,27.29230734,3,5.842842843,850.5,0.45842,190,175,8.535
6.184190647,29.06745806,3,5.847847848,852,0.45842,190,107,8.55
7.062432499,20.94623367,2,5.852852853,853.5,0.45842,191,39,8.565
6.990718849,25.67120603,2,5.857857858,855,0.45842,192,53,8.58
6.264607692,25.02768268,2,5.862862863,856.5,0.45842,192,316,8.595
7.354846556,29.97738749,2,5.867867868,858,0.45842,192,15,8.61
6.929357202,27.76903873,4,5.872872873,859.5,0.45842,194,781,8.625
6.635135059,25.05308724,4,5.877877878,861,0.45842,193,687,8.64
6.044973791,22.57160283,4,5.882882883,862.5,0.45842,192,608,8.655
7.658189261,20.96260516,3,5.887887888,864,0.45842,193,641,8.67
7.48805959,20.3968699,2,5.892892893,865.5,0.45842,193,474,8.685
6.306211288,21.64006396,4,5.897897898,867,0.45842,192,494,8.7
7.502753197,22.92099495,3,5.902902903,868.5,0.45842,196,180,8.715
6.430315222,26.12252806,2,5.907907908,870,0.45842,192,569,8.73
6.608210117,24.08446545,3,5.912912913,871.5,0.45842,192,151,8.745
6.726438255,25.02888241,3,5.917917918,873,0.45842,195,521,8.76
7.728942156,24.05286397,4,5.922922923,874.5,0.45842,191,514,8.775
7.882048936,20.54218482,3,5.927927928,876,0.45842,191,441,8.79
7.152585677,21.35908294,2,5.932932933,877.5,0.45842,192,222,8.805
6.751504845,28.08511395,2,5.937937938,879,0.45842,190,416,8.82
7.600154032,28.58314153,2,5.942942943,880.5,0.45842,209,333,8.835
6.262568174,28.95923072,2,5.947947948,882,0.45842,191,202,8.85
7.672937205,27.58715731,3,5.952952953,883.5,0.45842,192,984,8.865
6.806854224,23.51363404,2,5.957957958,885,0.45842,193,913,8.88
6.510223459,24.06250032,3,5.962962963,886.5,0.45842,196,349,8.895
6.91259861,21.18633693,2,5.967967968,888,0.45842,191,537,8.91
7.052914311,29.78309669,3,5.972972973,889.5,0.45842,186,943,8.925
6.449015438,21.82441572,4,5.977977978,891,0.45842,193,693,8.94
6.122298238,24.47838773,3,5.982982983,892.5,0.45842,194,93,8.955
7.643257236,29.35530051,2,5.987987988,894,0.45842,194,758,8.97
7.472394602,21.21360581,2,5.992992993,895.5,0.45842,195,437,8.985
6.914341128,24.99526247,3,5.997997998,897,0.45842,194,802,9
6.720999057,24.42811739,4,6.003003003,898.5,0.45842,194,34,9.015
7.767545865,27.41789494,3,6.008008008,900,0.45842,193,922,9.03
6.49308779,27.73804279,2,6.013013013,901.5,0.45842,194,352,9.045
6.264444689,20.92870202,3,6.018018018,903,0.45842,193,791,9.06
6.975579889,26.45124464,4,6.023023023,904.5,0.45842,194,482,9.075
7.38786157,25.22056652,3,6.028028028,906,0.45842,194,887,9.09
6.090207276,22.41967349,4,6.033033033,907.5,0.45842,194,416,9.105
7.869854153,27.98530582,4,6.038038038,909,0.45842,191,958,9.12
6.066665626,26.73557177,3,6.043043043,910.5,0.45842,187,1000,9.135
7.287682943,23.67704748,4,6.048048048,912,0.45842,192,475,9.15
7.205949273,28.35561843,2,6.053053053,913.5,0.45842,193,896,9.165
7.204977107,28.41627339,4,6.058058058,915,0.45842,193,604,9.18
6.616791226,28.40456398,4,6.063063063,916.5,0.45842,194,400,9.195
6.8968646,26.22656056,4,6.068068068,918,0.45842,194,428,9.21
7.719008708,21.28111573,4,6.073073073,919.5,0.45842,192,85,9.225
7.574078358,21.46605959,2,6.078078078,921,0.45842,199,927,9.24
7.695182232,26.86403144,4,6.083083083,922.5,0.45842,196,125,9.255
6.874943402,29.23621649,3,6.088088088,924,0.45842,194,379,9.27
7.322478148,28.23938984,3,6.093093093,925.5,0.45842,195,238,9.285
7.605921496,25.79170249,4,6.098098098,927,0.45842,194,431,9.3
6.856368182,25.33897926,3,6.103103103,928.5,0.45842,194,647,9.315
6.097530341,20.06140358,2,6.108108108,930,0.45842,193,158,9.33
7.292208068,24.44524389,4,6.113113113,931.5,0.45842,192,790,9.345
6.138219571,28.98568823,4,6.118118118,933,0.45842,193,514,9.36
6.339643854,29.74942398,3,6.123123123,934.5,0.45842,192,546,9.375
6.673815528,22.95624002,3,6.128128128,936,0.45842,193,904,9.39
6.858209667,29.81500473,2,6.133133133,937.5,0.45842,193,255,9.405
6.118056551,24.00514015,3,6.138138138,939,0.45842,195,844,9.42
6.985739629,25.05182582,4,6.143143143,940.5,0.45842,194,751,9.435
7.750074371,26.0560492,3,6.148148148,942,0.45842,193,580,9.45
6.369840497,23.70218778,4,6.153153153,943.5,0.45842,193,678,9.465
6.840462125,27.63223653,2,6.158158158,945,0.45842,193,841,9.48
7.776464391,24.17453209,4,6.163163163,946.5,0.45842,192,533,9.495
6.579078377,29.82173495,2,6.168168168,948,0.45842,192,684,9.51
7.265051256,28.86947922,3,6.173173173,949.5,0.45842,193,205,9.525
7.370168457,29.52214611,3,6.178178178,951,0.45842,193,568,9.54
7.684010706,22.8152331,4,6.183183183,952.5,0.45842,193,920,9.555
7.227140861,29.70804986,4,6.188188188,954,0.45842,193,535,9.57
6.909477541,22.00126884,3,6.193193193,955.5,0.45842,194,277,9.585
7.50881173,27.56737163,4,6.198198198,957,0.45842,193,741,9.6
6.427729458,26.44675853,2,6.203203203,958.5,0.45842,194,607,9.615
7.625037174,22.83781944,4,6.208208208,960,0.45842,195,307,9.63
7.532141392,26.09221973,2,6.213213213,961.5,0.45842,195,503,9.645
6.857775618,29.09745373,4,6.218218218,963,0.45842,193,658,9.66
7.384992412,22.91617792,3,6.223223223,964.5,0.45842,192,123,9.675
6.407270881,24.51916057,2,6.228228228,966,0.45842,192,563,9.69
7.704651445,27.31281476,3,6.233233233,967.5,0.45842,183,960,9.705
6.020629961,28.98998344,2,6.238238238,969,0.45842,192,677,9.72
7.178986795,27.99922489,3,6.243243243,970.5,0.45842,192,784,9.735
7.555124014,27.50667428,4,6.248248248,972,0.45842,192,680,9.75
6.426900182,20.90277197,2,6.253253253,973.5,0.45842,192,902,9.765
6.529755678,20.78152978,2,6.258258258,975,0.45842,191,888,9.78
7.647600091,26.44331528,4,6.263263263,976.5,0.45842,193,494,9.795
6.784587646,29.90137671,4,6.268268268,978,0.45842,190,318,9.81
7.25023796,29.45594275,2,6.273273273,979.5,0.45842,190,500,9.825
6.945930322,29.793509,3,6.278278278,981,0.45842,192,63,9.84
6.366940446,26.44676824,3,6.283283283,982.5,0.45842,191,436,9.855
6.481892446,27.75627812,2,6.288288288,984,0.45842,192,239,9.87
6.180722188,21.6700436,4,6.293293293,985.5,0.45842,192,847,9.885
6.846780098,27.84648943,2,6.298298298,987,0.45842,192,444,9.9
7.398127539,25.34569746,3,6.303303303,988.5,0.45842,193,34,9.915
6.812855871,26.66063058,3,6.308308308,990,0.45842,193,756,9.93
6.154635088,24.36643084,3,6.313313313,991.5,0.45842,194,790,9.945
7.627650177,22.47091641,2,6.318318318,993,0.45842,207,950,9.96
6.741105717,29.79157657,2,6.323323323,994.5,0.45842,194,829,9.975
6.46214913,26.20066818,3,6.328328328,996,0.45842,194,135,9.99
7.710285154,25.71667312,4,6.333333333,997.5,0.45842,192,248,10.005
7.632470137,28.92576095,4,6.338338338,999,0.45842,195,640,10.02
7.780052738,26.39065767,3,6.343343343,1000.5,0.45842,195,140,10.035
7.511273762,24.75759007,4,6.348348348,1002,0.45842,194,44,10.05
6.071059845,26.0647907,4,6.353353353,1003.5,0.45842,192,600,10.065
6.858485368,22.89043369,3,6.358358358,1005,0.45842,195,775,10.08
6.038383658,22.35764646,2,6.363363363,1006.5,0.45842,192,94,10.095
7.545773855,28.37496197,2,6.368368368,1008,0.45842,193,958,10.11
7.488909581,28.75360263,2,6.373373373,1009.5,0.45842,192,442,10.125
6.283849542,25.92929294,3,6.378378378,1011,0.45842,194,908,10.14
7.473725611,25.22047266,4,6.383383383,1012.5,0.45842,192,828,10.155
6.707139423,23.19211272,4,6.388388388,1014,0.45842,192,887,10.17
6.973703443,20.66820518,2,6.393393393,1015.5,0.45842,190,355,10.185
6.642662551,28.77551028,3,6.398398398,1017,0.45842,192,349,10.2
6.016923307,23.00444768,3,6.403403403,1018.5,0.45842,191,644,10.215
7.364652418,21.23735359,4,6.408408408,1020,0.45842,192,75,10.23
7.373377611,21.78820303,2,6.413413413,1021.5,0.45842,192,408,10.245
6.314576529,23.0834014,3,6.418418418,1023,0.45842,192,763,10.26
7.415378762,25.58340437,4,6.423423423,1024.5,0.45842,192,759,10.275
7.627578692,21.46538375,4,6.428428428,1026,0.45842,192,500,10.29
6.586313267,20.1616153,3,6.433433433,1027.5,0.45842,193,27,10.305
6.453163356,27.95888491,4,6.438438438,1029,0.45842,181,772,10.32
6.303146976,23.16130648,2,6.443443443,1030.5,0.45842,193,207,10.335
6.924624219,23.79326617,3,6.448448448,1032,0.45842,193,253,10.35
6.267636058,22.01535004,4,6.453453453,1033.5,0.45842,192,416,10.365
7.656825006,25.14267857,2,6.458458458,1035,0.45842,193,911,10.38
6.295194879,22.44938235,4,6.463463463,1036.5,0.45842,192,721,10.395
7.816359176,28.62088487,3,6.468468468,1038,0.45842,192,855,10.41
7.522995492,23.43247172,2,6.473473473,1039.5,0.45842,191,941,10.425
7.833873405,25.91931625,2,6.478478478,1041,0.45842,192,58,10.44
7.956902311,29.08177108,3,6.483483483,1042.5,0.45842,192,279,10.455
6.335113229,28.02813261,2,6.488488488,1044,0.45842,192,515,10.47
7.096442423,24.26531361,2,6.493493493,1045.5,0.45842,181,556,10.485
7.520181487,21.37018181,3,6.498498498,1047,0.45842,192,726,10.5
6.976722039,27.15270045,3,6.503503504,1048.5,0.45842,192,33,10.515
6.41350166,25.34679343,4,6.508508509,1050,0.45842,193,272,10.53
6.756372611,21.94715429,4,6.513513514,1051.5,0.45842,193,889,10.545
7.984632962,25.64006292,4,6.518518519,1053,0.45842,192,73,10.56
7.622037334,29.70641875,2,6.523523524,1054.5,0.45842,193,519,10.575
7.151435661,23.3113481,3,6.528528529,1056,0.45842,193,220,10.59
6.221692164,21.17839984,2,6.533533534,1057.5,0.45842,192,502,10.605
6.059165614,24.79122014,2,6.538538539,1059,0.45842,193,183,10.62
6.528150324,21.27054247,3,6.543543544,1060.5,0.45842,193,846,10.635
7.91205241,28.91887946,2,6.548548549,1062,0.45842,192,932,10.65
6.520723931,21.1157396,3,6.553553554,1063.5,0.45842,192,57,10.665
7.401100522,25.62709257,3,6.558558559,1065,0.45842,192,765,10.68
7.438149482,20.28556866,3,6.563563564,1066.5,0.45842,194,946,10.695
6.52801337,26.23481993,4,6.568568569,1068,0.45842,193,763,10.71
7.527590528,20.72463879,2,6.573573574,1069.5,0.45842,191,851,10.725
7.207668914,21.08915493,3,6.578578579,1071,0.45842,193,932,10.74
7.735484864,26.73322128,4,6.583583584,1072.5,0.45842,193,307,10.755
7.339929018,29.13795726,2,6.588588589,1074,0.45842,192,131,10.77
6.302332239,25.08015896,2,6.593593594,1075.5,0.45842,193,389,10.785
7.451906804,28.93467008,3,6.598598599,1077,0.45842,192,629,10.8
7.284501547,29.74356382,4,6.603603604,1078.5,0.45842,192,824,10.815
6.851001169,20.5849805,3,6.608608609,1080,0.45842,193,308,10.83
7.58885404,29.40997267,2,6.613613614,1081.5,0.45842,193,710,10.845
7.257413015,21.77785256,3,6.618618619,1083,0.45842,192,956,10.86
7.885339089,27.72056965,4,6.623623624,1084.5,0.45842,193,180,10.875
6.529391095,29.20300723,4,6.628628629,1086,0.45842,193,684,10.89
7.918663578,29.46019921,4,6.633633634,1087.5,0.45842,183,868,10.905
7.153532644,20.12972705,4,6.638638639,1089,0.45842,191,551,10.92
6.476068552,21.75246171,3,6.643643644,1090.5,0.45842,192,231,10.935
7.867788667,24.45174968,2,6.648648649,1092,0.45842,191,936,10.95
6.658153485,21.19029222,4,6.653653654,1093.5,0.45842,192,452,10.965
7.646852275,23.65465155,4,6.658658659,1095,0.45842,192,174,10.98
7.573809149,20.48229469,3,6.663663664,1096.5,0.45842,192,665,10.995
6.807770815,28.53604424,3,6.668668669,1098,0.45842,192,780,11.01
6.395107049,27.29326931,3,6.673673674,1099.5,0.45842,190,959,11.025
6.29902639,24.3578212,4,6.678678679,1101,0.45842,190,448,11.04
6.308788964,27.5829209,2,6.683683684,1102.5,0.45842,191,843,11.055
6.367749092,25.5418702,2,6.688688689,1104,0.45842,190,622,11.07
6.432372537,20.62073569,4,6.693693694,1105.5,0.45842,191,844,11.085
6.209227772,26.45588493,2,6.698698699,1107,0.45842,192,649,11.1
7.895099137,29.17808949,4,6.703703704,1108.5,0.45842,190,691,11.115
7.213080717,26.38776179,4,6.708708709,1110,0.45842,192,365,11.13
6.615410642,26.73866699,2,6.713713714,1111.5,0.45842,190,367,11.145
6.618753835,20.54696505,2,6.718718719,1113,0.45842,192,169,11.16
6.081736454,23.86468609,2,6.723723724,1114.5,0.45842,192,510,11.175
7.791460242,29.21888028,3,6.728728729,1116,0.45842,193,905,11.19
6.089177982,24.41611651,4,6.733733734,1117.5,0.45842,192,381,11.205
7.088868858,26.7670308,3,6.738738739,1119,0.45842,191,175,11.22
6.892072033,28.06371476,4,6.743743744,1120.5,0.45842,192,534,11.235
7.268800439,24.285603,3,6.748748749,1122,0.45842,192,904,11.25
7.244720591,25.15010718,2,6.753753754,1123.5,0.45842,192,286,11.265
6.63355504,27.04895102,3,6.758758759,1125,0.45842,193,432,11.28
7.478186686,22.4483287,2,6.763763764,1126.5,0.45842,192,867,11.295
7.665747656,28.21214251,4,6.768768769,1128,0.45842,192,117,11.31
7.385375904,24.31987142,2,6.773773774,1129.5,0.45842,192,173,11.325
7.202301746,25.1973914,4,6.778778779,1131,0.45842,186,344,11.34
7.091171908,23.36427674,4,6.783783784,1132.5,0.45842,192,713,11.355
6.183311572,23.6492041,4,6.788788789,1134,0.45842,193,817,11.37
7.595426263,20.1505689,3,6.793793794,1135.5,0.45842,190,682,11.385
6.67713597,20.61525845,2,6.798798799,1137,0.45842,193,459,11.4
7.122138219,29.60966189,3,6.803803804,1138.5,0.45842,193,956,11.415
7.383068401,26.28592378,4,6.808808809,1140,0.45842,191,93,11.43
6.377964372,23.23328094,3,6.813813814,1141.5,0.45842,192,466,11.445
6.728643119,24.20995074,3,6.818818819,1143,0.45842,194,5,11.46
7.936135961,22.19821109,4,6.823823824,1144.5,0.45842,192,136,11.475
7.034963919,29.08790878,3,6.828828829,1146,0.45842,193,10,11.49
6.389630895,21.9987339,3,6.833833834,1147.5,0.45842,193,284,11.505
6.973571487,21.42815323,4,6.838838839,1149,0.45842,193,39,11.52
6.429954361,23.02095978,2,6.843843844,1150.5,0.45842,193,135,11.535
7.173588859,26.83827445,4,6.848848849,1152,0.45842,189,388,11.55
6.856139573,22.16832494,4,6.853853854,1153.5,0.45842,193,927,11.565
6.177611721,25.59177438,3,6.858858859,1155,0.45842,194,621,11.58
6.800845027,28.2473221,3,6.863863864,1156.5,0.45842,193,519,11.595
7.352242648,20.99158024,2,6.868868869,1158,0.45842,197,898,11.61
7.109376789,24.54548101,2,6.873873874,1159.5,0.45842,194,587,11.625
6.533852317,21.42258381,4,6.878878879,1161,0.45842,195,964,11.64
7.682569232,20.24781009,3,6.883883884,1162.5,0.45842,194,294,11.655
6.53889797,23.17890683,2,6.888888889,1164,0.45842,195,355,11.67
6.370901684,20.21446898,3,6.893893894,1165.5,0.45842,195,106,11.685
7.075926674,28.52778782,4,6.898898899,1167,0.45842,193,470,11.7
6.950081449,24.57136043,4,6.903903904,1168.5,0.45842,195,903,11.715
6.86002187,20.11449489,2,6.908908909,1170,0.45842,195,311,11.73
7.886299949,28.46040363,2,6.913913914,1171.5,0.45842,197,202,11.745
7.231956425,25.03385498,4,6.918918919,1173,0.45842,195,741,11.76
6.93902095,23.66307601,3,6.923923924,1174.5,0.45842,194,467,11.775
6.550566796,24.51676737,4,6.928928929,1176,0.45842,194,111,11.79
6.871142096,24.26928841,3,6.933933934,1177.5,0.45842,195,835,11.805
7.2645235,25.38772511,3,6.938938939,1179,0.45842,196,14,11.82
7.987426602,20.99786271,4,6.943943944,1180.5,0.45842,197,612,11.835
7.852578134,29.79427182,3,6.948948949,1182,0.45842,198,51,11.85
6.661304328,24.78072193,4,6.953953954,1183.5,0.45842,195,955,11.865
6.093858313,24.6384917,3,6.958958959,1185,0.45842,193,766,11.88
6.570634848,25.32332113,2,6.963963964,1186.5,0.45842,192,294,11.895
7.501523982,27.75041082,3,6.968968969,1188,0.45842,193,236,11.91
7.528799789,26.67931291,4,6.973973974,1189.5,0.45842,192,722,11.925
6.79371789,27.82667142,3,6.978978979,1191,0.45842,193,468,11.94
6.616240165,23.37646289,3,6.983983984,1192.5,0.45842,193,915,11.955
7.899128425,27.55993737,2,6.988988989,1194,0.45842,193,394,11.97
7.182926036,28.89994879,3,6.993993994,1195.5,0.45842,193,386,11.985
7.959889818,28.48995434,4,6.998998999,1197,0.45842,192,223,12
6.504827958,26.7281323,3,7.004004004,1198.5,0.45842,194,133,12.015
7.775100233,22.56128752,3,7.009009009,1200,0.45842,192,419,12.03
6.514617656,27.51733514,3,7.014014014,1201.5,0.45842,191,62,12.045
6.263346132,22.93574898,4,7.019019019,1203,0.45842,193,957,12.06
7.611432996,27.44189185,3,7.024024024,1204.5,0.45842,193,626,12.075
7.244045685,23.79978878,3,7.029029029,1206,0.45842,192,520,12.09
7.419236258,28.12585313,2,7.034034034,1207.5,0.45842,192,683,12.105
6.694358366,24.28108908,4,7.039039039,1209,0.45842,202,77,12.12
6.56830476,22.68767874,3,7.044044044,1210.5,0.45842,192,835,12.135
6.696042068,25.23007919,3,7.049049049,1212,0.45842,193,752,12.15
6.857486373,20.63451702,4,7.054054054,1213.5,0.45842,195,932,12.165
7.764403893,20.12700027,3,7.059059059,1215,0.45842,195,292,12.18
7.390221536,26.53722064,2,7.064064064,1216.5,0.45842,195,556,12.195
7.519730371,21.62655105,4,7.069069069,1218,0.45842,193,988,12.21
7.089511729,29.15185153,4,7.074074074,1219.5,0.45842,194,439,12.225
6.080465862,27.97897999,4,7.079079079,1221,0.45842,192,354,12.24
7.664621941,27.69578697,2,7.084084084,1222.5,0.45842,193,331,12.255
7.128367083,24.75805372,4,7.089089089,1224,0.45842,195,554,12.27
6.216803138,24.22472321,3,7.094094094,1225.5,0.45842,194,61,12.285
6.020171461,25.78388378,2,7.099099099,1227,0.45842,193,387,12.3
6.701343202,22.39296612,2,7.104104104,1228.5,0.45842,195,272,12.315
6.359130002,24.83563195,4,7.109109109,1230,0.45842,195,79,12.33
6.905184059,28.21773421,4,7.114114114,1231.5,0.45842,194,706,12.345
7.030960445,28.69390357,3,7.119119119,1233,0.45842,194,967,12.36
6.119260433,21.14223048,3,7.124124124,1234.5,0.45842,195,100,12.375
7.996745537,27.60626671,4,7.129129129,1236,0.45842,193,230,12.39
6.506850377,20.81472612,2,7.134134134,1237.5,0.45842,193,415,12.405
7.317188622,26.2428699,4,7.139139139,1239,0.45842,193,723,12.42
7.548395016,23.20070054,3,7.144144144,1240.5,0.45842,192,660,12.435
6.148856129,27.62472889,2,7.149149149,1242,0.45842,194,718,12.45
6.690617709,25.38213689,3,7.154154154,1243.5,0.45842,193,421,12.465
7.389820895,23.83978274,3,7.159159159,1245,0.45842,193,187,12.48
6.658956612,27.8932656,2,7.164164164,1246.5,0.45842,194,517,12.495
6.955061768,22.54913447,2,7.169169169,1248,0.45842,191,759,12.51
7.517431626,21.28983484,4,7.174174174,1249.5,0.45842,194,958,12.525
6.372025363,26.9186909,2,7.179179179,1251,0.45842,192,745,12.54
7.897050689,23.43508586,2,7.184184184,1252.5,0.45842,192,963,12.555
6.012423497,20.98904721,3,7.189189189,1254,0.45842,192,831,12.57
7.92214241,20.3004952,2,7.194194194,1255.5,0.45842,192,116,12.585
6.065731072,29.85363957,2,7.199199199,1257,0.45842,192,545,12.6
7.228798874,29.98291652,4,7.204204204,1258.5,0.45842,191,9,12.615
7.992161963,29.02666489,2,7.209209209,1260,0.45842,194,744,12.63
6.551657293,25.59725469,4,7.214214214,1261.5,0.45842,195,395,12.645
6.118338926,23.73598867,4,7.219219219,1263,0.45842,195,57,12.66
7.952314291,28.91810373,4,7.224224224,1264.5,0.45842,194,423,12.675
6.73338382,28.25886327,2,7.229229229,1266,0.45842,195,136,12.69
6.545375947,23.03207207,4,7.234234234,1267.5,0.45842,194,899,12.705
6.42795934,28.3792196,2,7.239239239,1269,0.45842,192,22,12.72
6.971800167,22.65793932,4,7.244244244,1270.5,0.45842,193,940,12.735
6.579947012,25.99818773,3,7.249249249,1272,0.45842,194,803,12.75
7.354720654,29.59942855,4,7.254254254,1273.5,0.45842,193,608,12.765
7.941651526,26.67355996,3,7.259259259,1275,0.45842,193,543,12.78
7.404641866,29.88011697,2,7.264264264,1276.5,0.45842,192,189,12.795
7.743872188,27.06498024,3,7.269269269,1278,0.45842,194,951,12.81
6.169581613,22.71819848,2,7.274274274,1279.5,0.45842,195,511,12.825
6.942243692,26.49282962,2,7.279279279,1281,0.45842,193,105,12.84
6.005056126,26.15543429,4,7.284284284,1282.5,0.45842,193,77,12.855
6.89933321,23.75881988,4,7.289289289,1284,0.45842,191,649,12.87
7.361008656,23.01856872,3,7.294294294,1285.5,0.45842,193,896,12.885
7.019915804,28.85451929,4,7.299299299,1287,0.45842,193,157,12.9
7.094490541,27.81840865,2,7.304304304,1288.5,0.45842,192,396,12.915
7.05778977,24.89106451,2,7.309309309,1290,0.45842,192,674,12.93
7.635362259,23.7771157,3,7.314314314,1291.5,0.45842,192,14,12.945
7.768220181,23.35273904,4,7.319319319,1293,0.45842,192,263,12.96
6.70175172,26.31049654,3,7.324324324,1294.5,0.45842,193,904,12.975
7.380721521,29.06955351,3,7.329329329,1296,0.45842,193,267,12.99
6.74522221,25.09768201,4,7.334334334,1297.5,0.45842,195,28,13.005
6.884675375,26.06770094,3,7.339339339,1299,0.45842,198,564,13.02
7.979400729,29.41012696,4,7.344344344,1300.5,0.45842,192,639,13.035
7.222683993,20.96017139,4,7.349349349,1302,0.45842,193,851,13.05
6.91688986,27.21260622,2,7.354354354,1303.5,0.45842,194,422,13.065
6.834455676,23.33058958,2,7.359359359,1305,0.45842,194,529,13.08
7.441500176,20.58987968,3,7.364364364,1306.5,0.45842,193,47,13.095
6.253639563,28.78975406,2,7.369369369,1308,0.45842,193,416,13.11
7.296615653,26.64512614,4,7.374374374,1309.5,0.45842,194,806,13.125
7.306581145,25.17234619,3,7.379379379,1311,0.45842,195,597,13.14
6.956062775,28.45063526,2,7.384384384,1312.5,0.45842,194,687,13.155
7.440669821,20.789464,3,7.389389389,1314,0.45842,194,153,13.17
7.396762721,22.77611632,4,7.394394394,1315.5,0.45842,193,241,13.185
7.184792203,27.70581101,4,7.399399399,1317,0.45842,194,830,13.2
6.275719267,21.90418158,4,7.404404404,1318.5,0.45842,195,378,13.215
7.689920932,26.29266738,2,7.409409409,1320,0.45842,197,260,13.23
6.388894356,25.09520601,2,7.414414414,1321.5,0.45842,195,26,13.245
7.936550515,20.19577244,2,7.419419419,1323,0.45842,196,14,13.26
6.416830858,20.15817659,4,7.424424424,1324.5,0.45842,195,738,13.275
7.54917599,29.41934758,3,7.429429429,1326,0.45842,198,749,13.29
7.696555354,29.30950712,4,7.434434434,1327.5,0.45842,196,731,13.305
6.857897621,28.18894417,4,7.439439439,1329,0.45842,192,352,13.32
6.488202982,29.07945024,2,7.444444444,1330.5,0.45842,197,174,13.335
7.996484466,21.37488587,2,7.449449449,1332,0.45842,199,868,13.35
7.483309403,27.31095416,4,7.454454454,1333.5,0.45842,195,962,13.365
6.68534137,25.66022623,2,7.459459459,1335,0.45842,197,951,13.38
6.814283123,21.70917137,3,7.464464464,1336.5,0.45842,198,839,13.395
7.942604273,28.78785348,2,7.469469469,1338,0.45842,198,750,13.41
7.524750629,24.35053219,2,7.474474474,1339.5,0.45842,197,197,13.425
7.511972647,28.12030684,3,7.479479479,1341,0.45842,199,393,13.44
7.184865363,24.26992461,3,7.484484484,1342.5,0.45842,196,237,13.455
6.397087729,29.78208317,3,7.489489489,1344,0.45842,199,457,13.47
6.839031202,22.03814169,3,7.494494494,1345.5,0.45842,198,226,13.485
6.550003703,21.61249552,3,7.499499499,1347,0.45842,197,596,13.5
7.587525725,23.06516933,4,7.504504505,1348.5,0.45842,201,151,13.515
7.851761326,22.66546412,3,7.50950951,1350,0.45842,199,519,13.53
7.2076782,21.7000435,4,7.514514515,1351.5,0.45842,197,849,13.545
6.590044386,27.78367042,4,7.51951952,1353,0.45842,196,359,13.56
7.761545964,28.00179505,2,7.524524525,1354.5,0.45842,199,1,13.575
7.446278795,23.38163833,3,7.52952953,1356,0.45842,197,601,13.59
6.469349874,23.26158623,4,7.534534535,1357.5,0.45842,198,162,13.605
6.248192089,29.41952417,3,7.53953954,1359,0.45842,197,840,13.62
7.479176131,20.54923553,3,7.544544545,1360.5,0.45842,198,440,13.635
6.562445079,21.59497857,2,7.54954955,1362,0.45842,197,722,13.65
6.597121731,28.19847043,3,7.554554555,1363.5,0.45842,197,777,13.665
6.567355379,26.13728525,4,7.55955956,1365,0.45842,198,296,13.68
6.179128098,20.06360246,2,7.564564565,1366.5,0.45842,198,702,13.695
7.287204491,25.33430664,2,7.56956957,1368,0.45842,199,277,13.71
7.914054199,21.73384732,3,7.574574575,1369.5,0.45842,199,612,13.725
6.734015036,24.6322192,3,7.57957958,1371,0.45842,198,129,13.74
6.983482532,27.52297015,2,7.584584585,1372.5,0.45842,199,200,13.755
6.05235813,29.78739575,2,7.58958959,1374,0.45842,201,680,13.77
7.442181656,25.28941451,4,7.594594595,1375.5,0.45842,200,38,13.785
7.852772212,20.0727671,2,7.5995996,1377,0.45842,201,777,13.8
6.740206762,22.57890383,4,7.604604605,1378.5,0.45842,198,351,13.815
6.293296121,24.9860044,3,7.60960961,1380,0.45842,202,698,13.83
7.205893978,29.60968883,3,7.614614615,1381.5,0.45842,201,732,13.845
7.83036969,21.65677109,2,7.61961962,1383,0.45842,205,446,13.86
6.845975227,21.79016912,3,7.624624625,1384.5,0.45842,203,103,13.875
7.358555382,21.73827244,2,7.62962963,1386,0.45842,202,145,13.89
6.552241618,20.70718404,2,7.634634635,1387.5,0.45842,203,377,13.905
7.618361364,28.36449104,3,7.63963964,1389,0.45842,204,294,13.92
6.634415567,20.27770649,2,7.644644645,1390.5,0.45842,203,823,13.935
6.689551535,20.69796234,4,7.64964965,1392,0.45842,203,992,13.95
7.939547647,26.36937538,3,7.654654655,1393.5,0.45842,206,688,13.965
7.457196642,24.19550687,3,7.65965966,1395,0.45842,206,693,13.98
6.865834599,25.10475949,2,7.664664665,1396.5,0.45842,206,610,13.995
6.94085052,25.48448184,3,7.66966967,1398,0.45842,206,254,14.01
7.264331816,23.99133081,2,7.674674675,1399.5,0.45842,208,866,14.025
7.38461964,23.28696259,2,7.67967968,1401,0.45842,208,916,14.04
6.450098423,29.91245625,4,7.684684685,1402.5,0.45842,215,837,14.055
7.992632503,20.54903824,4,7.68968969,1404,0.45842,208,644,14.07
6.094206883,25.89470101,3,7.694694695,1405.5,0.45842,207,21,14.085
7.550278558,21.33122255,4,7.6996997,1407,0.45842,206,285,14.1
6.162598959,28.24238535,2,7.704704705,1408.5,0.45842,203,192,14.115
7.298442185,21.27415747,4,7.70970971,1410,0.45842,194,218,14.13
6.792871613,23.28166096,4,7.714714715,1411.5,0.45842,202,169,14.145
6.063270367,23.70092842,4,7.71971972,1413,0.45842,202,370,14.16
7.453328863,26.45726626,3,7.724724725,1414.5,0.45842,204,219,14.175
7.142713405,23.68341626,2,7.72972973,1416,0.45842,204,284,14.19
7.987232499,20.21973945,2,7.734734735,1417.5,0.45842,204,52,14.205
6.623148633,23.28408737,4,7.73973974,1419,0.45842,205,248,14.22
6.809055326,29.17133041,4,7.744744745,1420.5,0.45842,205,746,14.235
6.135346912,26.59260799,2,7.74974975,1422,0.45842,206,612,14.25
6.515493839,22.90849029,2,7.754754755,1423.5,0.45842,204,220,14.265
6.289654488,21.38983172,2,7.75975976,1425,0.45842,205,84,14.28
7.895535531,28.07325903,2,7.764764765,1426.5,0.45842,207,447,14.295
6.952029145,20.38631929,2,7.76976977,1428,0.45842,205,77,14.31
6.616404289,22.08175206,2,7.774774775,1429.5,0.45842,206,588,14.325
6.183566442,27.77075868,2,7.77977978,1431,0.45842,206,668,14.34
7.506312559,24.36962212,3,7.784784785,1432.5,0.45842,205,632,14.355
7.567581368,28.36654045,2,7.78978979,1434,0.45842,202,402,14.37
6.107219095,25.26606846,4,7.794794795,1435.5,0.45842,203,874,14.385
6.255701286,25.04070815,3,7.7997998,1437,0.45842,201,829,14.4
6.587153352,29.6927637,2,7.804804805,1438.5,0.45842,201,345,14.415
7.445370267,22.60960841,3,7.80980981,1440,0.45842,202,146,14.43
7.910727746,29.38404125,2,7.814814815,1441.5,0.45842,202,472,14.445
7.884756753,23.04433483,4,7.81981982,1443,0.45842,205,917,14.46
6.819426869,23.48539167,3,7.824824825,1444.5,0.45842,203,777,14.475
6.860127729,21.05696174,4,7.82982983,1446,0.45842,205,935,14.49
7.091670216,24.72781369,3,7.834834835,1447.5,0.45842,206,360,14.505
6.082839589,21.59278728,2,7.83983984,1449,0.45842,206,861,14.52
6.129647692,22.75369574,2,7.844844845,1450.5,0.45842,208,83,14.535
6.500959592,25.8032525,4,7.84984985,1452,0.45842,208,661,14.55
7.451083763,20.13953912,3,7.854854855,1453.5,0.45842,208,282,14.565
7.8237976,22.49421325,2,7.85985986,1455,0.45842,208,261,14.58
6.614358472,21.25746719,3,7.864864865,1456.5,0.45842,208,212,14.595
7.865129373,21.07924017,4,7.86986987,1458,0.45842,203,770,14.61
6.377133281,29.26254746,4,7.874874875,1459.5,0.45842,211,282,14.625
7.742569265,27.61112352,4,7.87987988,1461,0.45842,208,991,14.64
6.829656684,25.18614303,4,7.884884885,1462.5,0.45842,208,462,14.655
7.13088889,21.59588048,3,7.88988989,1464,0.45842,208,1,14.67
6.184839769,29.38767725,2,7.894894895,1465.5,0.45842,209,164,14.685
6.23804607,22.33444336,4,7.8998999,1467,0.45842,208,563,14.7
6.714131043,23.64902266,2,7.904904905,1468.5,0.45842,208,469,14.715
6.091393155,29.6215193,3,7.90990991,1470,0.45842,208,165,14.73
6.918594179,20.56929379,2,7.914914915,1471.5,0.45842,209,767,14.745
6.500328061,26.66421168,3,7.91991992,1473,0.45842,209,679,14.76
6.981003925,26.19087424,2,7.924924925,1474.5,0.45842,208,690,14.775
7.375495605,21.86150044,2,7.92992993,1476,0.45842,208,426,14.79
7.260304528,24.47755354,3,7.934934935,1477.5,0.45842,208,203,14.805
7.939710705,25.2207372,4,7.93993994,1479,0.45842,208,262,14.82
6.139820342,24.6377133,2,7.944944945,1480.5,0.45842,208,539,14.835
6.626111623,20.38836273,4,7.94994995,1482,0.45842,206,105,14.85
7.732973825,27.96811411,3,7.954954955,1483.5,0.45842,206,198,14.865
6.672918368,20.06882055,2,7.95995996,1485,0.45842,204,212,14.88
6.653781882,26.91093326,3,7.964964965,1486.5,0.45842,206,508,14.895
6.862269919,29.07296553,3,7.96996997,1488,0.45842,207,671,14.91
6.845325888,29.74472514,4,7.974974975,1489.5,0.45842,207,743,14.925
7.350095295,26.85132714,4,7.97997998,1491,0.45842,208,586,14.94
6.882215655,27.58211551,2,7.984984985,1492.5,0.45842,208,233,14.955
6.443919996,24.46899368,4,7.98998999,1494,0.45842,206,737,14.97
7.14594881,29.25901881,4,7.994994995,1495.5,0.45842,208,466,14.985
7.54914767,27.01450888,2,8,1497,0.45842,208,717,15
